-- phpMyAdmin SQL Dump
-- version 5.2.1
-- https://www.phpmyadmin.net/
--
-- Host: 127.0.0.1
-- Creato il: Mag 24, 2024 alle 09:20
-- Versione del server: 10.4.32-MariaDB
-- Versione PHP: 8.2.12

SET SQL_MODE = "NO_AUTO_VALUE_ON_ZERO";
START TRANSACTION;
SET time_zone = "+00:00";


/*!40101 SET @OLD_CHARACTER_SET_CLIENT=@@CHARACTER_SET_CLIENT */;
/*!40101 SET @OLD_CHARACTER_SET_RESULTS=@@CHARACTER_SET_RESULTS */;
/*!40101 SET @OLD_COLLATION_CONNECTION=@@COLLATION_CONNECTION */;
/*!40101 SET NAMES utf8mb4 */;

--
-- Database: `database_esame`
--

-- --------------------------------------------------------

--
-- Struttura della tabella `admin`
--

CREATE TABLE `admin` (
  `ID` int(11) NOT NULL,
  `nome` varchar(32) NOT NULL,
  `cognome` varchar(32) NOT NULL,
  `email` varchar(64) NOT NULL,
  `password` varchar(32) NOT NULL
) ENGINE=InnoDB DEFAULT CHARSET=utf8 COLLATE=utf8_general_ci;

--
-- Dump dei dati per la tabella `admin`
--

INSERT INTO `admin` (`ID`, `nome`, `cognome`, `email`, `password`) VALUES
(1, 'admin', '1', 'admin1@gmail.com', 'e00cf25ad42683b3df678c61f42c6bda');

-- --------------------------------------------------------

--
-- Struttura della tabella `bicicletta`
--

CREATE TABLE `bicicletta` (
  `ID` int(11) NOT NULL,
  `KMtotali` float NOT NULL,
  `gps` varchar(16) NOT NULL,
  `RFID` varchar(16) NOT NULL,
  `attiva` enum('1','0') NOT NULL
) ENGINE=InnoDB DEFAULT CHARSET=utf8 COLLATE=utf8_general_ci;

--
-- Dump dei dati per la tabella `bicicletta`
--

INSERT INTO `bicicletta` (`ID`, `KMtotali`, `gps`, `RFID`, `attiva`) VALUES
(1, 0, 'GPS001', 'RFID001', '1'),
(2, 0, 'GPS002', 'RFID002', '1'),
(3, 13, 'GPS003', 'RFID003', '1'),
(6, 27, 'GPS004', 'RFID004', '1'),
(7, 0, 'GPS005', 'RFID005', '1'),
(8, 0, 'GPS006', 'RFID006', '1');

-- --------------------------------------------------------

--
-- Struttura della tabella `cliente`
--

CREATE TABLE `cliente` (
  `ID` int(11) NOT NULL,
  `nome` varchar(32) NOT NULL,
  `cognome` varchar(32) NOT NULL,
  `email` varchar(64) NOT NULL,
  `password` varchar(32) NOT NULL,
  `numero_tessera` int(5) NOT NULL,
  `carta_credito` varchar(16) NOT NULL,
  `IDindirizzo` int(11) NOT NULL,
  `bloccata` enum('no','si') NOT NULL
) ENGINE=InnoDB DEFAULT CHARSET=utf8 COLLATE=utf8_general_ci;

--
-- Dump dei dati per la tabella `cliente`
--

INSERT INTO `cliente` (`ID`, `nome`, `cognome`, `email`, `password`, `numero_tessera`, `carta_credito`, `IDindirizzo`, `bloccata`) VALUES
(17, 'Luca ', 'Bes', 'lucabesh@gmail.com', '0e727e10ae5fdc2b926ea06c8a41aceb', 23775, '2222333322223333', 15, 'no'),
(18, 'Riccardo', 'Mognoni', 'riccardomognoni@gmail.com', '8ca432e2f074d100b0348b1cda090c27', 94447, '1111222233334444', 17, 'no'),
(19, 'Andrea', 'Finazzi', 'finazzi@gmail.com', '7e7f899d4918c18f9b755cad3ee2fb24', 83513, '1111888899992222', 20, 'si'),
(20, 'Tommaso', 'Brivio', 'brivio@gmail.com', '76c813ba89cbaaff8f61d958b639c11d', 94793, '1222122212221222', 21, 'si');

-- --------------------------------------------------------

--
-- Struttura della tabella `indirizzo`
--

CREATE TABLE `indirizzo` (
  `ID` int(11) NOT NULL,
  `via` varchar(64) NOT NULL,
  `citta` varchar(32) NOT NULL,
  `latitudine` text NOT NULL,
  `longitudine` text NOT NULL
) ENGINE=InnoDB DEFAULT CHARSET=utf8 COLLATE=utf8_general_ci;

--
-- Dump dei dati per la tabella `indirizzo`
--

INSERT INTO `indirizzo` (`ID`, `via`, `citta`, `latitudine`, `longitudine`) VALUES
(7, 'Via Crotto 21', 'Cantù', '45.7468552', '9.1287876'),
(9, 'Via Vergani ', 'Cantù', '45.7445157', '9.1292519'),
(15, 'Via Giacomo Matteotti', 'Cantù', '45.7378528', '9.1284712'),
(17, 'Via Verdi', 'Cantù', '45.7237463', '9.119811'),
(18, 'Piazza Garibaldi', 'Cantù', '45.7397039', '9.1286697'),
(19, 'Via Como', 'Cantù', '45.7541878', '9.1236119'),
(20, 'Via leonCavallo', 'Giussano', '45.6855136', '9.2065622'),
(21, 'Via Milano 17', 'Cantù', '45.7264686', '9.1421666'),
(23, 'Via Milano 7', 'Cantù', '45.7342403', '9.1302528'),
(24, 'Via Virgilio', 'Cantù', '45.747899', '9.1384284');

-- --------------------------------------------------------

--
-- Struttura della tabella `operazione`
--

CREATE TABLE `operazione` (
  `ID` int(11) NOT NULL,
  `tipo` enum('noleggio','riconsegna') NOT NULL,
  `orario` datetime NOT NULL,
  `tariffa` float NOT NULL,
  `distanza_percorsa` float NOT NULL,
  `IDcliente` int(11) DEFAULT NULL,
  `IDbicicletta` int(11) NOT NULL,
  `IDstazione` int(11) NOT NULL
) ENGINE=InnoDB DEFAULT CHARSET=utf8 COLLATE=utf8_general_ci;

--
-- Dump dei dati per la tabella `operazione`
--

INSERT INTO `operazione` (`ID`, `tipo`, `orario`, `tariffa`, `distanza_percorsa`, `IDcliente`, `IDbicicletta`, `IDstazione`) VALUES
(7, 'noleggio', '2024-05-23 16:33:30', 0, 0, 18, 1, 6),
(8, 'riconsegna', '2024-05-23 16:33:42', 5.6, 7, 18, 1, 6),
(10, 'riconsegna', '2024-05-23 16:35:11', 0, 0, NULL, 2, 6),
(11, 'riconsegna', '2024-05-23 16:35:19', 0, 0, NULL, 3, 5),
(12, 'riconsegna', '2024-05-23 17:16:03', 0, 0, NULL, 6, 8),
(13, 'noleggio', '2024-05-23 17:17:36', 0, 0, 17, 6, 8),
(14, 'riconsegna', '2024-05-23 17:17:50', 9.6, 12, 17, 6, 7),
(15, 'noleggio', '2024-05-23 17:33:48', 0, 0, 17, 6, 7),
(16, 'riconsegna', '2024-05-23 17:34:19', 21.6, 27, 17, 6, 8),
(17, 'noleggio', '2024-05-24 09:15:26', 0, 0, 18, 3, 11),
(19, 'riconsegna', '2024-05-24 09:16:11', 10.4, 13, 18, 3, 10),
(20, 'riconsegna', '2024-05-24 09:18:23', 0, 0, NULL, 7, 11),
(21, 'riconsegna', '2024-05-24 09:19:42', 0, 0, NULL, 8, 10);

-- --------------------------------------------------------

--
-- Struttura della tabella `stazione`
--

CREATE TABLE `stazione` (
  `ID` int(11) NOT NULL,
  `nome` varchar(16) NOT NULL,
  `numero_slot` int(11) NOT NULL,
  `IDindirizzo` int(11) NOT NULL
) ENGINE=InnoDB DEFAULT CHARSET=utf8 COLLATE=utf8_general_ci;

--
-- Dump dei dati per la tabella `stazione`
--

INSERT INTO `stazione` (`ID`, `nome`, `numero_slot`, `IDindirizzo`) VALUES
(5, 'stazione 1', 14, 7),
(6, 'stazione 2', 24, 9),
(7, 'stazione 3', 45, 18),
(8, 'stazione 4', 15, 19),
(10, 'stazione 5', 12, 23),
(11, 'stazione 6', 9, 24);

--
-- Indici per le tabelle scaricate
--

--
-- Indici per le tabelle `admin`
--
ALTER TABLE `admin`
  ADD PRIMARY KEY (`ID`),
  ADD UNIQUE KEY `email` (`email`);

--
-- Indici per le tabelle `bicicletta`
--
ALTER TABLE `bicicletta`
  ADD PRIMARY KEY (`ID`);

--
-- Indici per le tabelle `cliente`
--
ALTER TABLE `cliente`
  ADD PRIMARY KEY (`ID`),
  ADD UNIQUE KEY `email` (`email`,`numero_tessera`),
  ADD UNIQUE KEY `email_2` (`email`),
  ADD UNIQUE KEY `IDindirizzo_2` (`IDindirizzo`),
  ADD UNIQUE KEY `numero_tessera` (`numero_tessera`),
  ADD KEY `IDindirizzo` (`IDindirizzo`);

--
-- Indici per le tabelle `indirizzo`
--
ALTER TABLE `indirizzo`
  ADD PRIMARY KEY (`ID`);

--
-- Indici per le tabelle `operazione`
--
ALTER TABLE `operazione`
  ADD PRIMARY KEY (`ID`),
  ADD KEY `IDcliente` (`IDcliente`,`IDbicicletta`,`IDstazione`),
  ADD KEY `IDbicicletta` (`IDbicicletta`),
  ADD KEY `IDstazione` (`IDstazione`);

--
-- Indici per le tabelle `stazione`
--
ALTER TABLE `stazione`
  ADD PRIMARY KEY (`ID`),
  ADD UNIQUE KEY `codice` (`nome`),
  ADD KEY `IDindirizzo` (`IDindirizzo`);

--
-- AUTO_INCREMENT per le tabelle scaricate
--

--
-- AUTO_INCREMENT per la tabella `admin`
--
ALTER TABLE `admin`
  MODIFY `ID` int(11) NOT NULL AUTO_INCREMENT, AUTO_INCREMENT=2;

--
-- AUTO_INCREMENT per la tabella `bicicletta`
--
ALTER TABLE `bicicletta`
  MODIFY `ID` int(11) NOT NULL AUTO_INCREMENT, AUTO_INCREMENT=9;

--
-- AUTO_INCREMENT per la tabella `cliente`
--
ALTER TABLE `cliente`
  MODIFY `ID` int(11) NOT NULL AUTO_INCREMENT, AUTO_INCREMENT=21;

--
-- AUTO_INCREMENT per la tabella `indirizzo`
--
ALTER TABLE `indirizzo`
  MODIFY `ID` int(11) NOT NULL AUTO_INCREMENT, AUTO_INCREMENT=25;

--
-- AUTO_INCREMENT per la tabella `operazione`
--
ALTER TABLE `operazione`
  MODIFY `ID` int(11) NOT NULL AUTO_INCREMENT, AUTO_INCREMENT=22;

--
-- AUTO_INCREMENT per la tabella `stazione`
--
ALTER TABLE `stazione`
  MODIFY `ID` int(11) NOT NULL AUTO_INCREMENT, AUTO_INCREMENT=12;

--
-- Limiti per le tabelle scaricate
--

--
-- Limiti per la tabella `cliente`
--
ALTER TABLE `cliente`
  ADD CONSTRAINT `cliente_ibfk_1` FOREIGN KEY (`IDindirizzo`) REFERENCES `indirizzo` (`ID`);

--
-- Limiti per la tabella `operazione`
--
ALTER TABLE `operazione`
  ADD CONSTRAINT `operazione_ibfk_1` FOREIGN KEY (`IDcliente`) REFERENCES `cliente` (`ID`),
  ADD CONSTRAINT `operazione_ibfk_2` FOREIGN KEY (`IDbicicletta`) REFERENCES `bicicletta` (`ID`),
  ADD CONSTRAINT `operazione_ibfk_3` FOREIGN KEY (`IDstazione`) REFERENCES `stazione` (`ID`);

--
-- Limiti per la tabella `stazione`
--
ALTER TABLE `stazione`
  ADD CONSTRAINT `stazione_ibfk_1` FOREIGN KEY (`IDindirizzo`) REFERENCES `indirizzo` (`ID`);
COMMIT;

/*!40101 SET CHARACTER_SET_CLIENT=@OLD_CHARACTER_SET_CLIENT */;
/*!40101 SET CHARACTER_SET_RESULTS=@OLD_CHARACTER_SET_RESULTS */;
/*!40101 SET COLLATION_CONNECTION=@OLD_COLLATION_CONNECTION */;
